{
  "name": "Cool Sci-Fi Sound",
  "osc1": 1,
  "osc2": 0,
  "osc3": 0.20939776000000002,
  "osc4": 0,
  "osc5": 0.03996001,
  "osc6": 0,
  "osc7": 0.015625,
  "osc8": 0,
  "osc1_eg": 0.0322,
  "osc2_eg": 0.0921,
  "osc3_eg": 0.6493,
  "osc4_eg": 0.0382,
  "osc5_eg": 0.8081,
  "osc6_eg": 0,
  "osc7_eg": 1,
  "osc8_eg": 0,
  "timbre_a": 0.050131209999999995,
  "timbre_d": 0.10614563999999999,
  "timbre_s": 0.1011,
  "timbre_r": 0.28037025,
  "lfo1_rate": 0.06749604,
  "lfo1_range": "low",
  "lfo1_type": "triangle",
  "osc1_lfo": 0.6281,
  "osc2_lfo": -0.0909,
  "osc3_lfo": 0,
  "osc4_lfo": 0,
  "osc5_lfo": -0.1628,
  "osc6_lfo": 0,
  "osc7_lfo": -0.0369,
  "osc8_lfo": 0,
  "lfo2_rate": 0.29322224999999996,
  "lfo2_polarity": 1,
  "lfo2_type": "sine",
  "lfo2_amp": 0.5924,
  "lfo2_pitch": 0,
  "lfo2_delay": 0.5624,
  "lfo2_a": 0.20666116,
  "lfo2_r": 0.19855936,
  "lfo2_g": 0,
  "vca_a": 0.35093776000000004,
  "vca_d": 0.11607649,
  "vca_s": 0.3108,
  "vca_r": 0.06594623999999999,
  "vca_g": 0,
  "glide": 0.500001
}
