{
  "name": "Dawn",
  "osc1": 1,
  "osc2": 0.605284,
  "osc3": 0.21298225,
  "osc4": 0.06477025,
  "osc5": 0.033966489999999995,
  "osc6": 0.013041639999999998,
  "osc7": 0.01265625,
  "osc8": 0.009428410000000002,
  "osc1_eg": 1,
  "osc2_eg": 1,
  "osc3_eg": 0.8174,
  "osc4_eg": 0.2545,
  "osc5_eg": 0.2117,
  "osc6_eg": 0,
  "osc7_eg": 0,
  "osc8_eg": 0,
  "timbre_a": 0.580644,
  "timbre_d": 0.09884736000000001,
  "timbre_s": 0,
  "timbre_r": 0.25694761,
  "lfo1_rate": 0.050580009999999995,
  "lfo1_range": "low",
  "lfo1_type": "triangle",
  "osc1_lfo": 0,
  "osc2_lfo": 0.6382,
  "osc3_lfo": 0,
  "osc4_lfo": -0.3541,
  "osc5_lfo": -0.0838,
  "osc6_lfo": 0.077,
  "osc7_lfo": -0.0907,
  "osc8_lfo": -0.0667,
  "lfo2_rate": 0.77070841,
  "lfo2_polarity": -1,
  "lfo2_type": "sine",
  "lfo2_amp": 0.4477,
  "lfo2_pitch": 0,
  "lfo2_delay": 0,
  "lfo2_a": 0.69122596,
  "lfo2_r": 0.23290276,
  "lfo2_g": 0,
  "vca_a": 0,
  "vca_d": 0.01580049,
  "vca_s": 0.1351,
  "vca_r": 0.011088090000000002,
  "vca_g": 0,
  "glide": 0.00001
}
