{
  "name": "Distorted Sawtooth",
  "osc1": 1,
  "osc2": 0.35808256000000005,
  "osc3": 0.15816529,
  "osc4": 0.08398404,
  "osc5": 0.038769609999999996,
  "osc6": 0.05285401,
  "osc7": 0.025921000000000003,
  "osc8": 0.00793881,
  "osc1_eg": 0,
  "osc2_eg": 1,
  "osc3_eg": 0.9399,
  "osc4_eg": 0.9249,
  "osc5_eg": 0.9099,
  "osc6_eg": 0.889,
  "osc7_eg": 0.853,
  "osc8_eg": 0.835,
  "timbre_a": 0.17774655999999997,
  "timbre_d": 0.14190288999999998,
  "timbre_s": 0.0052,
  "timbre_r": 0.15578809,
  "lfo1_rate": 1,
  "lfo1_range": 20,
  "lfo1_type": "sine",
  "osc1_lfo": 0,
  "osc2_lfo": 0,
  "osc3_lfo": 0,
  "osc4_lfo": 0,
  "osc5_lfo": 0,
  "osc6_lfo": 0,
  "osc7_lfo": 0,
  "osc8_lfo": 0,
  "lfo2_rate": 1,
  "lfo2_polarity": 1,
  "lfo2_type": "sawtooth",
  "lfo2_amp": 0,
  "lfo2_pitch": 1,
  "lfo2_delay": 0,
  "lfo2_a": 0,
  "lfo2_r": 0.12439729000000001,
  "lfo2_g": 1,
  "vca_a": 0,
  "vca_d": 0.05997601,
  "vca_s": 0.8171,
  "vca_r": 0.06594623999999999,
  "vca_g": 0,
  "glide": 0.000001
}
