{
  "name": "Glimmer",
  "osc1": 1,
  "osc2": 0,
  "osc3": 0.26399044000000005,
  "osc4": 0,
  "osc5": 0.22316176,
  "osc6": 0,
  "osc7": 0.06335289,
  "osc8": 0,
  "osc1_eg": 0,
  "osc2_eg": 1,
  "osc3_eg": 0,
  "osc4_eg": 0.6793,
  "osc5_eg": 0,
  "osc6_eg": 0.5138,
  "osc7_eg": 0,
  "osc8_eg": 0.2379,
  "timbre_a": 0.62283664,
  "timbre_d": 0.22600515999999998,
  "timbre_s": 0,
  "timbre_r": 0.18688329,
  "lfo1_rate": 0.00047089,
  "lfo1_range": "track",
  "lfo1_type": "sine",
  "osc1_lfo": 0.4138,
  "osc2_lfo": 0.1931,
  "osc3_lfo": 0,
  "osc4_lfo": 0,
  "osc5_lfo": -0.3586,
  "osc6_lfo": 0,
  "osc7_lfo": -0.2207,
  "osc8_lfo": 0,
  "lfo2_rate": 0.07150276000000001,
  "lfo2_polarity": -1,
  "lfo2_type": "sine",
  "lfo2_amp": 0.1419,
  "lfo2_pitch": 0.00157609,
  "lfo2_delay": 0.1602,
  "lfo2_a": 0.20820968999999998,
  "lfo2_r": 0.37442161,
  "lfo2_g": 0,
  "vca_a": 0,
  "vca_d": 0.19079424000000003,
  "vca_s": 0.5,
  "vca_r": 0.15776784,
  "vca_g": 0,
  "glide": 0.00001
}
