{
  "name": "Hawaiian Tropic",
  "osc1": 1,
  "osc2": 0,
  "osc3": 0.44289025,
  "osc4": 0,
  "osc5": 0.12131288999999999,
  "osc6": 0,
  "osc7": 0.12131288999999999,
  "osc8": 0,
  "osc1_eg": 0.2103,
  "osc2_eg": 0.0586,
  "osc3_eg": 0.569,
  "osc4_eg": 0,
  "osc5_eg": 0.4862,
  "osc6_eg": 0,
  "osc7_eg": 0.4862,
  "osc8_eg": 0,
  "timbre_a": 0.5753222499999999,
  "timbre_d": 0.024149160000000003,
  "timbre_s": 0,
  "timbre_r": 0.024149160000000003,
  "lfo1_rate": 0.093025,
  "lfo1_range": "low",
  "lfo1_type": "triangle",
  "osc1_lfo": 0,
  "osc2_lfo": 0.3586,
  "osc3_lfo": -0.0828,
  "osc4_lfo": 0,
  "osc5_lfo": -0.1379,
  "osc6_lfo": 0.1655,
  "osc7_lfo": 0,
  "osc8_lfo": -0.1931,
  "lfo2_rate": 0.6129324100000001,
  "lfo2_polarity": 1,
  "lfo2_type": "sine",
  "lfo2_amp": 0.1184,
  "lfo2_pitch": 0.00264196,
  "lfo2_delay": 0.8396,
  "lfo2_a": 0.81270225,
  "lfo2_r": 0.045624960000000006,
  "lfo2_g": 0,
  "vca_a": 0.13366335999999998,
  "vca_d": 0.020822490000000003,
  "vca_s": 0.6739,
  "vca_r": 0.00937024,
  "vca_g": 0,
  "glide": 0.2082
}
