{
  "name": "Joey's Didgeridoo",
  "osc1": 1,
  "osc2": 0.07800849,
  "osc3": 0,
  "osc4": 0.07049025,
  "osc5": 0,
  "osc6": 0.02408704,
  "osc7": 0,
  "osc8": 0,
  "osc1_eg": 0,
  "osc2_eg": 0.1828,
  "osc3_eg": 0.8172,
  "osc4_eg": 0.2655,
  "osc5_eg": 1,
  "osc6_eg": 0.2517,
  "osc7_eg": 0.7759,
  "osc8_eg": 0.3483,
  "timbre_a": 0.46036225,
  "timbre_d": 0.46036225,
  "timbre_s": 0.6169,
  "timbre_r": 0.3364,
  "lfo1_rate": 0.03928324,
  "lfo1_range": "low",
  "lfo1_type": "sine",
  "osc1_lfo": -0.1931,
  "osc2_lfo": -0.2759,
  "osc3_lfo": 0.0552,
  "osc4_lfo": -0.4138,
  "osc5_lfo": 0.0828,
  "osc6_lfo": -0.0828,
  "osc7_lfo": 0.0828,
  "osc8_lfo": -0.0276,
  "lfo2_rate": 0.059536,
  "lfo2_polarity": -1,
  "lfo2_type": "sine",
  "lfo2_amp": 0.099,
  "lfo2_pitch": 0.00404496,
  "lfo2_delay": 0.1828,
  "lfo2_a": 0.7772185600000001,
  "lfo2_r": 0.55234624,
  "lfo2_g": 0,
  "vca_a": 0.21206025,
  "vca_d": 0.3261552100000001,
  "vca_s": 0.6186,
  "vca_r": 0.29964676,
  "vca_g": 0,
  "glide": 0.2649
}
