{
  "name": "Mirage",
  "osc1": 1,
  "osc2": 0.32160241000000006,
  "osc3": 0.08579041,
  "osc4": 0.06687396,
  "osc5": 0.0625,
  "osc6": 0.08242641000000002,
  "osc7": 0.21288996,
  "osc8": 0.29931841000000003,
  "osc1_eg": 0,
  "osc2_eg": 0,
  "osc3_eg": 0.4757,
  "osc4_eg": 0,
  "osc5_eg": 0.5643,
  "osc6_eg": 0.2586,
  "osc7_eg": 0,
  "osc8_eg": 0.1643,
  "timbre_a": 0.64224196,
  "timbre_d": 0.1521,
  "timbre_s": 0.1186,
  "timbre_r": 0.11854249,
  "lfo1_rate": 0.00600625,
  "lfo1_range": "track",
  "lfo1_type": "sawtooth",
  "osc1_lfo": 0,
  "osc2_lfo": -0.4943,
  "osc3_lfo": 0,
  "osc4_lfo": 0.3229,
  "osc5_lfo": 0,
  "osc6_lfo": -0.4886,
  "osc7_lfo": 0,
  "osc8_lfo": 0.7229,
  "lfo2_rate": 0.6204712899999999,
  "lfo2_polarity": 1,
  "lfo2_type": "triangle",
  "lfo2_amp": 0.5443,
  "lfo2_pitch": 0.00919681,
  "lfo2_delay": 0.1386,
  "lfo2_a": 0.39325441,
  "lfo2_r": 0.20511841000000003,
  "lfo2_g": 0,
  "vca_a": 0.34809999999999997,
  "vca_d": 0.08082649,
  "vca_s": 0.5014,
  "vca_r": 0.20511841000000003,
  "vca_g": 0,
  "glide": 0.00001
}
