{
   "name": "Modern Bass",
   "osc1": 1,
   "osc2": 0.12475024000000001,
   "osc3": 0.36978561,
   "osc4": 0.23261329,
   "osc5": 0.21132409,
   "osc6": 0.05621641,
   "osc7": 0.07080921,
   "osc8": 0,
   "osc1_eg": 0.7371,
   "osc2_eg": 0.3855,
   "osc3_eg": 0.8984,
   "osc4_eg": 1,
   "osc5_eg": 0.4274,
   "osc6_eg": 0.1984,
   "osc7_eg": 0.2274,
   "osc8_eg": 0,
   "timbre_a": 0.30250000000000005,
   "timbre_d": 0.09891025,
   "timbre_s": 0,
   "timbre_r": 0.11580409,
   "lfo1_rate": 1,
   "lfo1_range": "low",
   "lfo1_type": "sine",
   "osc1_lfo": 0,
   "osc2_lfo": 0,
   "osc3_lfo": 0,
   "osc4_lfo": 0,
   "osc5_lfo": 0,
   "osc6_lfo": 0,
   "osc7_lfo": 0,
   "osc8_lfo": 0,
   "lfo2_rate": 3,
   "lfo2_polarity": 1,
   "lfo2_type": "sine",
   "lfo2_amp": 0,
   "lfo2_pitch": 0,
   "lfo2_delay": 0,
   "lfo2_a": 0,
   "lfo2_r": 0.0001,
   "lfo2_g": 0,
   "vca_a": 0,
   "vca_d": 0.29899023999999996,
   "vca_s": 0,
   "vca_r": 0.46553329000000004,
   "vca_g": 0,
   "glide": 0.055
}
