{
  "name": "Oranges",
  "osc1": 0,
  "osc2": 1,
  "osc3": 0.7420099600000001,
  "osc4": 0.44129449,
  "osc5": 0.28090000000000004,
  "osc6": 0.18241440999999997,
  "osc7": 0.10517048999999999,
  "osc8": 0.08242641000000002,
  "osc1_eg": 0.5071,
  "osc2_eg": 1,
  "osc3_eg": 0.7986,
  "osc4_eg": 0,
  "osc5_eg": 0,
  "osc6_eg": 0,
  "osc7_eg": 0,
  "osc8_eg": 0,
  "timbre_a": 0,
  "timbre_d": 0.125,
  "timbre_s": 0,
  "timbre_r": 0.125,
  "lfo1_rate": 0.0005904899999999999,
  "lfo1_range": "low",
  "lfo1_type": "sine",
  "osc1_lfo": 0.0086,
  "osc2_lfo": 0,
  "osc3_lfo": 0.0029,
  "osc4_lfo": -0.0029,
  "osc5_lfo": -0.0143,
  "osc6_lfo": 0.0029,
  "osc7_lfo": 0,
  "osc8_lfo": 0,
  "lfo2_rate": 0.59737441,
  "lfo2_polarity": 1,
  "lfo2_type": "sine",
  "lfo2_amp": 0.5243,
  "lfo2_pitch": 0,
  "lfo2_delay": 0,
  "lfo2_a": 0.15657849,
  "lfo2_r": 0.49999040999999994,
  "lfo2_g": 0,
  "vca_a": 0.31203396,
  "vca_d": 0.05031049,
  "vca_s": 0,
  "vca_r": 0,
  "vca_g": 0.31203396,
  "glide": 0.00001
}
