{
  "name": "Peach Fuzz",
  "osc1": 0,
  "osc2": 0.91336249,
  "osc3": 0,
  "osc4": 0.08579041,
  "osc5": 0,
  "osc6": 0.010281960000000001,
  "osc7": 0.024242490000000002,
  "osc8": 0.82283041,
  "osc1_eg": 0.1957,
  "osc2_eg": 0.3043,
  "osc3_eg": 0.3043,
  "osc4_eg": 0.0786,
  "osc5_eg": 0.2843,
  "osc6_eg": 0.1386,
  "osc7_eg": 0,
  "osc8_eg": 0,
  "timbre_a": 0,
  "timbre_d": 0.04173849,
  "timbre_s": 0.05,
  "timbre_r": 0.046526490000000004,
  "lfo1_rate": 0.045326410000000004,
  "lfo1_range": "track",
  "lfo1_type": "sine",
  "osc1_lfo": 1,
  "osc2_lfo": -0.9229,
  "osc3_lfo": -0.2829,
  "osc4_lfo": -0.7914,
  "osc5_lfo": -0.4829,
  "osc6_lfo": -0.5,
  "osc7_lfo": -0.5629,
  "osc8_lfo": 0.7171,
  "lfo2_rate": 1,
  "lfo2_polarity": 1,
  "lfo2_type": "sawtooth",
  "lfo2_amp": 0.5186,
  "lfo2_pitch": 0.009158489999999998,
  "lfo2_delay": 0,
  "lfo2_a": 0.10150595999999999,
  "lfo2_r": 0.22905796000000003,
  "lfo2_g": 0,
  "vca_a": 0,
  "vca_d": 0.028900000000000006,
  "vca_s": 0,
  "vca_r": 0.026049959999999997,
  "vca_g": 0,
  "glide": 0.00001
}
