{
  "name": "Percusso",
  "osc1": 1,
  "osc2": 0,
  "osc3": 0,
  "osc4": 0,
  "osc5": 0,
  "osc6": 0,
  "osc7": 0,
  "osc8": 0,
  "osc1_eg": 0.1871,
  "osc2_eg": 0.6186,
  "osc3_eg": 0.4157,
  "osc4_eg": 0.6214,
  "osc5_eg": 0.1357,
  "osc6_eg": 0.6129,
  "osc7_eg": 0.1386,
  "osc8_eg": 0.03,
  "timbre_a": 0,
  "timbre_d": 0.00171396,
  "timbre_s": 0,
  "timbre_r": 0.00108241,
  "lfo1_rate": 1,
  "lfo1_range": 20,
  "lfo1_type": "sine",
  "osc1_lfo": 0,
  "osc2_lfo": 0,
  "osc3_lfo": 0,
  "osc4_lfo": 0,
  "osc5_lfo": 0,
  "osc6_lfo": 0,
  "osc7_lfo": 0,
  "osc8_lfo": 0,
  "lfo2_rate": 3,
  "lfo2_polarity": 1,
  "lfo2_type": "sine",
  "lfo2_amp": 0,
  "lfo2_pitch": 0,
  "lfo2_delay": 0,
  "lfo2_a": 0,
  "lfo2_r": 0.0001,
  "lfo2_g": 0,
  "vca_a": 0,
  "vca_d": 0.017662409999999996,
  "vca_s": 0,
  "vca_r": 0.017662409999999996,
  "vca_g": 0,
  "glide": 0.00001
}
