{
  "name": "Square Overtone",
  "osc1": 1,
  "osc2": 0,
  "osc3": 0.33408399999999994,
  "osc4": 0,
  "osc5": 0.13235044,
  "osc6": 0,
  "osc7": 0.061206760000000006,
  "osc8": 0,
  "osc1_eg": 0,
  "osc2_eg": 0,
  "osc3_eg": 0.3532,
  "osc4_eg": 0,
  "osc5_eg": 0.2659,
  "osc6_eg": 0,
  "osc7_eg": 0.1759,
  "osc8_eg": 0,
  "timbre_a": 0,
  "timbre_d": 0.40819321000000003,
  "timbre_s": 0,
  "timbre_r": 0.36857040999999996,
  "lfo1_rate": 0.50083929,
  "lfo1_range": "track",
  "lfo1_type": "square",
  "osc1_lfo": 0,
  "osc2_lfo": 0,
  "osc3_lfo": -0.0714,
  "osc4_lfo": 0,
  "osc5_lfo": -0.0661,
  "osc6_lfo": 0,
  "osc7_lfo": 0.0556,
  "osc8_lfo": -0.0661,
  "lfo2_rate": 0.02910436,
  "lfo2_polarity": 1,
  "lfo2_type": "sine",
  "lfo2_amp": 0.3294,
  "lfo2_pitch": 0.00008648999999999998,
  "lfo2_delay": 0.332,
  "lfo2_a": 0.33408399999999994,
  "lfo2_r": 0.18249984000000002,
  "lfo2_g": 0,
  "vca_a": 0,
  "vca_d": 0.17581249000000002,
  "vca_s": 0.3743,
  "vca_r": 0.019293209999999998,
  "vca_g": 0,
  "glide": 0.00001
}
