{
  "name": "Talking Tennis Ball",
  "osc1": 1,
  "osc2": 0.73719396,
  "osc3": 0.3724660899999999,
  "osc4": 0.09418761,
  "osc5": 0.07800849,
  "osc6": 0.08590761000000001,
  "osc7": 0.06335289,
  "osc8": 0.03865156,
  "osc1_eg": 0.032,
  "osc2_eg": 0.6517,
  "osc3_eg": 0.5828,
  "osc4_eg": 0.4342,
  "osc5_eg": 0.2241,
  "osc6_eg": 0.0691,
  "osc7_eg": 0.0862,
  "osc8_eg": 0,
  "timbre_a": 0.5476,
  "timbre_d": 0.19228225,
  "timbre_s": 0,
  "timbre_r": 0.08456464,
  "lfo1_rate": 1,
  "lfo1_range": "low",
  "lfo1_type": "sine",
  "osc1_lfo": 0,
  "osc2_lfo": 0,
  "osc3_lfo": 0,
  "osc4_lfo": 0,
  "osc5_lfo": 0,
  "osc6_lfo": 0,
  "osc7_lfo": 0,
  "osc8_lfo": 0,
  "lfo2_rate": 0.04866436,
  "lfo2_polarity": 1,
  "lfo2_type": "sine",
  "lfo2_amp": 0.1067,
  "lfo2_pitch": 0.00026568999999999996,
  "lfo2_delay": 0,
  "lfo2_a": 0,
  "lfo2_r": 0.0001,
  "lfo2_g": 0,
  "vca_a": 0.08673025,
  "vca_d": 0.20484676,
  "vca_s": 0.753,
  "vca_r": 0.05716881,
  "vca_g": 0,
  "glide": 0.2751
}
