{
  "name": "Vocal Bass",
  "osc1": 1,
  "osc2": 0.21206025,
  "osc3": 0.35307363999999997,
  "osc4": 0,
  "osc5": 0.15015625000000002,
  "osc6": 0,
  "osc7": 0.038416000000000006,
  "osc8": 0,
  "osc1_eg": 0.0927,
  "osc2_eg": 0.7128,
  "osc3_eg": 0.7128,
  "osc4_eg": 0.6733,
  "osc5_eg": 0.5851,
  "osc6_eg": 0.4149,
  "osc7_eg": 0.9073,
  "osc8_eg": 1,
  "timbre_a": 0,
  "timbre_d": 0.05837056,
  "timbre_s": 0,
  "timbre_r": 0.011004009999999998,
  "lfo1_rate": 0.00283024,
  "lfo1_range": "track",
  "lfo1_type": "sine",
  "osc1_lfo": 0.7477,
  "osc2_lfo": -0.2432,
  "osc3_lfo": 0.4012,
  "osc4_lfo": -0.3769,
  "osc5_lfo": 0,
  "osc6_lfo": -0.4802,
  "osc7_lfo": 0,
  "osc8_lfo": 0.2796,
  "lfo2_rate": 0.05692996,
  "lfo2_polarity": -1,
  "lfo2_type": "triangle",
  "lfo2_amp": 0.2295,
  "lfo2_pitch": 0,
  "lfo2_delay": 0.2082,
  "lfo2_a": 0.08076964,
  "lfo2_r": 0.14318656000000002,
  "lfo2_g": 0,
  "vca_a": 0,
  "vca_d": 0.05267025,
  "vca_s": 0.7523,
  "vca_r": 0.010363240000000001,
  "vca_g": 0,
  "glide": 0.0289
}
